Match_ID,Stadium_Name,Stadium_ID,Player_Name,Player_ID,Role,Country,Highest_Runs,Average_Runs,Strike_Rate,Total_Wickets,Economy,Dots,Match_Result,Date
1,Narendra Modi Stadium,1000,Virat Kohli,1,Middle Order Batsman,India,35,18,101.89,NA,NA,NA,Won,2023-07-01
1,Narendra Modi Stadium,1000,Rohit Sharma,2,Top Order Batsman,India,8,5,66.67,NA,NA,NA,Won,2023-07-01
1,Narendra Modi Stadium,1000,Mahendra Singh Dhoni,3,WicketKeeper Batsman,India,14,14,175,NA,NA,NA,Won,2023-07-01
1,Narendra Modi Stadium,1000,Ravindra Jadeja,4,All Rounder,India,16,15,200,2,8.25,12,Won,2023-07-01
1,Narendra Modi Stadium,1000,Hardik Pandya,5,All Rounder,India,59,37.33,129.48,5,8.2,57,Won,2023-07-01
1,Narendra Modi Stadium,1000,Jos Buttler ,6,WicketKeeper Batsman,England,106,72.5,145,NA,NA,NA,Lost,2023-07-01
1,Narendra Modi Stadium,1000,Steven Smith,7,Middle Order Batsman,Australia,25,14.5,107,NA,NA,NA,Lost,2023-07-01
1,Narendra Modi Stadium,1000,Ben Strokes,8,All Rounder,England,7,7,116.67,3,7.5,30,Lost,2023-07-01
1,Narendra Modi Stadium,1000,David Warner,9,Top Order Batsman,Australia,2,2,100,NA,NA,NA,Lost,2023-07-01
1,Narendra Modi Stadium,1000,Kane Williamson,10,Middle Order Batsman,New Zealand,30,20,130,NA,NA,NA,Lost,2023-07-01
1,Narendra Modi Stadium,1000,Jasprit Bumrah,11,Fast Bowler,India,NA,NA,NA,0,0,0,Won,2023-07-01
1,Narendra Modi Stadium,1000,Mohammed Shami,12,Fast Bowler,India,NA,NA,NA,20,7.44,152,Won,2023-07-01
1,Narendra Modi Stadium,1000,Bhuvneshwar Kumar,13,Swing Bowler,India,NA,NA,NA,1,11,17,Won,2023-07-01
1,Narendra Modi Stadium,1000,Mohammed Siraj,14,Fast Bowler,India,NA,NA,NA,5,7.5,11,Won,2023-07-01
1,Narendra Modi Stadium,1000,Yuzvendra Chahal,15,Leg-Spin Bowler,India,NA,NA,NA,3,8.06,29,Won,2023-07-01
1,Narendra Modi Stadium,1000,Ravichandran Ashwin,16,Off-Spin Bowler,India,NA,NA,NA,4,9.5,40,Won,2023-07-01
1,Narendra Modi Stadium,1000,Trent Boult,17,Fast & Medium Swing Bowler,New Zealand,NA,NA,NA,3,7.33,36,Won,2023-07-01
1,Narendra Modi Stadium,1000,Rashid Khan,18,All Rounder,Afghanistan,10,7,175,14,8.23,76,Lost,2023-07-01
1,Narendra Modi Stadium,1000,Josh Hazlewood,19,Fast Bowler,Australia,NA,NA,NA,2,5.75,12,Lost,2023-07-01
1,Narendra Modi Stadium,1000,Sam Curran,20,All Rounder,England,17,10,60,5,7.86,24,Lost,2023-07-01
2,Wankhede Stadium,2000,Virat Kohli,1,Middle Order Batsman,India,92,40.18,133.94,NA,NA,NA,Won,2023-07-05
2,Wankhede Stadium,2000,Rohit Sharma,2,Top Order Batsman,India,94,34.4,137.27,NA,NA,NA,Won,2023-07-05
2,Wankhede Stadium,2000,Mahendra Singh Dhoni,3,WicketKeeper Batsman,India,50,24.33,111.45,NA,NA,NA,Won,2023-07-05
2,Wankhede Stadium,2000,Ravindra Jadeja,4,All Rounder,India,62,29.62,138.6,15,7.44,135,Won,2023-07-05
2,Wankhede Stadium,2000,Hardik Pandya,5,All Rounder,India,19,6.33,90.48,0,11.2,28,Lost,2023-07-05
2,Wankhede Stadium,2000,Shreyas Iyer,21,Middle Order Batsman,India,75,25,161.29,NA,NA,NA,Lost,2023-07-05
2,Wankhede Stadium,2000,Shikhar Dhawan,22,Top Order Batsman,India,58,19.33,118.37,NA,NA,NA,Lost,2023-07-05
2,Wankhede Stadium,2000,Ajinkya Rahane,23,Top Order Batsman,India,28,9.33,116,NA,NA,NA,Lost,2023-07-05
2,Wankhede Stadium,2000,Jason Roy,24,Top Order Batsman,England,33,11,110,NA,NA,NA,Won,2023-07-05
2,Wankhede Stadium,2000,Eoin Morgan,25,Middle Order Batsman,England,85,42.5,147.37,NA,NA,NA,Won,2023-07-05
2,Wankhede Stadium,2000,Jos Buttler,26,WicketKeeper Batsman,England,48,19.2,134.48,NA,NA,NA,Won,2023-07-05
2,Wankhede Stadium,2000,Jonny Bairstow,27,WicketKeeper Batsman,England,68,22.67,141.67,NA,NA,NA,Won,2023-07-05
2,Wankhede Stadium,2000,Adil Rashid,28,Leg-Spin Bowler,England,8,8,114.29,3,8.4,21,Won,2023-07-05
2,Wankhede Stadium,2000,Moeen Ali,29,All Rounder,England,13,6.5,86.67,7,9.12,31,Won,2023-07-05
3,Lords Cricket Ground,3000,Virat Kohli,1,Middle Order Batsman,India,112,56,151.35,NA,NA,NA,Won,2023-07-09
3,Lords Cricket Ground,3000,Rohit Sharma,2,Top Order Batsman,India,46,23,134.69,NA,NA,NA,Won,2023-07-09
3,Lords Cricket Ground,3000,Mahendra Singh Dhoni,3,WicketKeeper Batsman,India,68,34,148.89,NA,NA,NA,Won,2023-07-09
3,Lords Cricket Ground,3000,Ravindra Jadeja,4,All Rounder,India,51,25.5,145.71,3,9.25,43,Won,2023-07-09
3,Lords Cricket Ground,3000,Hardik Pandya,5,All Rounder,India,26,13,118.18,2,7.33,16,Won,2023-07-09
3,Lords Cricket Ground,3000,Joe Root,30,Top Order Batsman,England,42,14,106.67,NA,NA,NA,Lost,2023-07-09
3,Lords Cricket Ground,3000,Eoin Morgan,31,Middle Order Batsman,England,66,33,126.92,NA,NA,NA,Lost,2023-07-09
3,Lords Cricket Ground,3000,Jason Roy,32,Top Order Batsman,England,59,29.5,130.67,NA,NA,NA,Lost,2023-07-09
3,Lords Cricket Ground,3000,Jos Buttler,33,WicketKeeper Batsman,England,27,13.5,103.85,NA,NA,NA,Lost,2023-07-09
3,Lords Cricket Ground,3000,Ben Stokes,34,All Rounder,England,18,6,72,1,6.75,14,Lost,2023-07-09
3,Lords Cricket Ground,3000,David Malan,35,Top Order Batsman,England,82,41,136.67,NA,NA,NA,Won,2023-07-09
3,Lords Cricket Ground,3000,Adil Rashid,36,Leg-Spin Bowler,England,5,5,100,2,8.75,14,Won,2023-07-09
3,Lords Cricket Ground,3000,Mark Wood,37,Fast Bowler,England,10,10,166.67,1,10,18,Won,2023-07-09
3,Lords Cricket Ground,3000,Chris Woakes,38,All Rounder,England,3,3,60,1,7.5,6,Won,2023-07-09
3,Lords Cricket Ground,3000,Jonny Bairstow,39,WicketKeeper Batsman,England,73,36.5,155.32,NA,NA,NA,Lost,2023-07-09
3,Lords Cricket Ground,3000,Moeen Ali,40,All Rounder,England,35,17.5,116.67,1,9.17,20,Lost,2023-07-09
4,M. Chinnaswamy Stadium,4000,Virat Kohli,1,Middle Order Batsman,India,28,18.67,149.15,NA,NA,NA,Won,2023-07-13
4,M. Chinnaswamy Stadium,4000,Rohit Sharma,2,Top Order Batsman,India,84,28,137.7,NA,NA,NA,Won,2023-07-13
4,M. Chinnaswamy Stadium,4000,Mahendra Singh Dhoni,3,WicketKeeper Batsman,India,42,21,120,NA,NA,NA,Won,2023-07-13
4,M. Chinnaswamy Stadium,4000,Ravindra Jadeja,4,All Rounder,India,12,12,85.71,2,8,9,Won,2023-07-13
4,M. Chinnaswamy Stadium,4000,Hardik Pandya,5,All Rounder,India,39,13,140.63,0,10.67,14,Won,2023-07-13
4,M. Chinnaswamy Stadium,4000,KL Rahul,41,Top Order Batsman,India,56,18.67,131.58,NA,NA,NA,Lost,2023-07-13
4,M. Chinnaswamy Stadium,4000,Suryakumar Yadav,42,Middle Order Batsman,India,31,15.5,138.46,NA,NA,NA,Lost,2023-07-13
4,M. Chinnaswamy Stadium,4000,Shreyas Iyer,43,Middle Order Batsman,India,20,10,125,NA,NA,NA,Lost,2023-07-13
4,M. Chinnaswamy Stadium,4000,Ishan Kishan,44,WicketKeeper Batsman,India,21,7,95.45,NA,NA,NA,Lost,2023-07-13
4,M. Chinnaswamy Stadium,4000,Shikhar Dhawan,45,Top Order Batsman,India,18,6,75,NA,NA,NA,Won,2023-07-13
5,Eden Gardens,5000,Virat Kohli,1,Middle Order Batsman,India,76,25.33,147.17,NA,NA,NA,Won,2023-07-17
5,Eden Gardens,5000,Rohit Sharma,2,Top Order Batsman,India,102,34,140.27,NA,NA,NA,Won,2023-07-17
5,Eden Gardens,5000,Mahendra Singh Dhoni,3,WicketKeeper Batsman,India,32,16,133.33,NA,NA,NA,Won,2023-07-17
5,Eden Gardens,5000,Ravindra Jadeja,4,All Rounder,India,45,22.5,138.46,3,7.75,21,Won,2023-07-17
5,Eden Gardens,5000,Hardik Pandya,5,All Rounder,India,10,3.33,83.33,1,8.5,7,Won,2023-07-17
5,Eden Gardens,5000,KL Rahul,46,Top Order Batsman,India,92,30.67,165.71,NA,NA,NA,Lost,2023-07-17
5,Eden Gardens,5000,Mayank Agarwal,47,Top Order Batsman,India,15,5,88.24,NA,NA,NA,Lost,2023-07-17
5,Eden Gardens,5000,Shreyas Iyer,48,Middle Order Batsman,India,39,13,100,NA,NA,NA,Lost,2023-07-17
5,Eden Gardens,5000,Ishan Kishan,49,WicketKeeper Batsman,India,6,3,85.71,NA,NA,NA,Lost,2023-07-17
5,Eden Gardens,5000,Suryakumar Yadav,50,Middle Order Batsman,India,64,21.33,195.12,NA,NA,NA,Won,2023-07-17
5,Eden Gardens,5000,Yuzvendra Chahal,51,Leg-Spin Bowler,India,NA,NA,NA,2,8.5,16,Won,2023-07-17
5,Eden Gardens,5000,Shardul Thakur,52,Fast Bowler,India,NA,NA,NA,3,9.5,17,Won,2023-07-17
5,Eden Gardens,5000,Deepak Chahar,53,Fast Bowler,India,NA,NA,NA,3,9.33,18,Won,2023-07-17
5,Eden Gardens,5000,Bhuvneshwar Kumar,54,Fast Bowler,India,NA,NA,NA,0,7.75,14,Won,2023-07-17
5,Eden Gardens,5000,Rashid Khan,55,All Rounder,Afghanistan,51,25.5,127.5,2,8.43,17,Lost,2023-07-17
5,Eden Gardens,5000,Hashmatullah Shahidi,56,Middle Order Batsman,Afghanistan,32,16,84.21,NA,NA,NA,Lost,2023-07-17
5,Eden Gardens,5000,Rahmat Shah,57,Middle Order Batsman,Afghanistan,48,16,109.09,NA,NA,NA,Lost,2023-07-17
5,Eden Gardens,5000,Asghar Afghan,58,Middle Order Batsman,Afghanistan,64,16,123.08,NA,NA,NA,Lost,2023-07-17
5,Eden Gardens,5000,Mohammad Nabi,59,All Rounder,Afghanistan,16,16,80,1,5,5,Lost,2023-07-17
5,Eden Gardens,5000,Ikram Ali Khil,60,WicketKeeper Batsman,Afghanistan,5,5,71.43,NA,NA,NA,Lost,2023-07-17
6,Old Trafford,6000,Virat Kohli,1,Middle Order Batsman,India,72,36,130.91,NA,NA,NA,Won,2023-07-21
6,Old Trafford,6000,Rohit Sharma,2,Top Order Batsman,India,37,18.5,107.35,NA,NA,NA,Won,2023-07-21
6,Old Trafford,6000,Mahendra Singh Dhoni,3,WicketKeeper Batsman,India,51,25.5,111.11,NA,NA,NA,Won,2023-07-21
6,Old Trafford,6000,Ravindra Jadeja,4,All Rounder,India,59,29.5,118,4,7.57,23,Won,2023-07-21
6,Old Trafford,6000,Hardik Pandya,5,All Rounder,India,34,17,154.55,0,9.43,13,Won,2023-07-21
6,Old Trafford,6000,KL Rahul,61,Top Order Batsman,India,20,10,100,NA,NA,NA,Lost,2023-07-21
6,Old Trafford,6000,Suryakumar Yadav,62,Middle Order Batsman,India,68,34,160,NA,NA,NA,Lost,2023-07-21
6,Old Trafford,6000,Shreyas Iyer,63,Middle Order Batsman,India,24,12,100,NA,NA,NA,Lost,2023-07-21
6,Old Trafford,6000,Ishan Kishan,64,WicketKeeper Batsman,India,16,8,72.73,NA,NA,NA,Lost,2023-07-21
6,Old Trafford,6000,Shikhar Dhawan,65,Top Order Batsman,India,63,31.5,147.37,NA,NA,NA,Won,2023-07-21
7,Adelaide Oval,7000,Virat Kohli,1,Middle Order Batsman,India,85,42.5,131.58,NA,NA,NA,Won,2023-07-29
7,Adelaide Oval,7000,Rohit Sharma,2,Top Order Batsman,India,96,32,133.33,NA,NA,NA,Won,2023-07-29
7,Adelaide Oval,7000,Mahendra Singh Dhoni,3,WicketKeeper Batsman,India,29,14.5,103.57,NA,NA,NA,Won,2023-07-29
7,Adelaide Oval,7000,Ravindra Jadeja,4,All Rounder,India,45,22.5,136.36,1,5.75,15,Won,2023-07-29
7,Adelaide Oval,7000,Hardik Pandya,5,All Rounder,India,20,10,100,1,10,7,Won,2023-07-29
7,Adelaide Oval,7000,Aaron Finch,66,Top Order Batsman,Australia,89,44.5,144.26,NA,NA,NA,Lost,2023-07-29
7,Adelaide Oval,7000,Steve Smith,67,Middle Order Batsman,Australia,65,32.5,134.69,NA,NA,NA,Lost,2023-07-29
7,Adelaide Oval,7000,Glenn Maxwell,68,All Rounder,Australia,34,17,154.55,1,4,11,Lost,2023-07-29
7,Adelaide Oval,7000,Marcus Stoinis,69,All Rounder,Australia,28,14,115.79,2,8.12,18,Lost,2023-07-29
7,Adelaide Oval,7000,Matthew Wade,70,WicketKeeper Batsman,Australia,27,13.5,112.5,NA,NA,NA,Lost,2023-07-29
8,Lord's Cricket Ground,8000,Virat Kohli,1,Middle Order Batsman,India,58,29,136.36,NA,NA,NA,Won,2023-08-02
8,Lord's Cricket Ground,8000,Rohit Sharma,2,Top Order Batsman,India,35,17.5,131.82,NA,NA,NA,Won,2023-08-02
8,Lord's Cricket Ground,8000,Mahendra Singh Dhoni,3,WicketKeeper Batsman,India,51,25.5,134.21,NA,NA,NA,Won,2023-08-02
8,Lord's Cricket Ground,8000,Ravindra Jadeja,4,All Rounder,India,42,42,130.77,1,7,18,Won,2023-08-02
8,Lord's Cricket Ground,8000,Hardik Pandya,5,All Rounder,India,17,17,100,0,9.5,8,Won,2023-08-02
8,Lord's Cricket Ground,8000,Eoin Morgan,71,Middle Order Batsman,England,66,66,132,NA,NA,NA,Lost,2023-08-02
8,Lord's Cricket Ground,8000,Joe Root,72,Middle Order Batsman,England,49,49,108.89,NA,NA,NA,Lost,2023-08-02
8,Lord's Cricket Ground,8000,Jonny Bairstow,73,Top Order Batsman,England,25,25,96.15,NA,NA,NA,Lost,2023-08-02
8,Lord's Cricket Ground,8000,Adil Rashid,74,Leg-Spin Bowler,England,9,9,81.82,1,10,6,Lost,2023-08-02
8,Lord's Cricket Ground,8000,Mark Wood,75,Fast Bowler,England,11,11,137.5,2,9,10,Lost,2023-08-02
9,Edgbaston,9000,Virat Kohli,1,Middle Order Batsman,India,112,56,145.45,NA,NA,NA,Won,2023-08-05
9,Edgbaston,9000,Rohit Sharma,2,Top Order Batsman,India,58,29,136.36,NA,NA,NA,Won,2023-08-05
9,Edgbaston,9000,Mahendra Singh Dhoni,3,WicketKeeper Batsman,India,26,26,100,NA,NA,NA,Won,2023-08-05
9,Edgbaston,9000,Ravindra Jadeja,4,All Rounder,India,34,34,121.43,2,6.8,20,Won,2023-08-05
9,Edgbaston,9000,Hardik Pandya,5,All Rounder,India,38,38,163.04,1,5,16,Won,2023-08-05
9,Edgbaston,9000,Jason Roy,76,Top Order Batsman,England,51,51,100,NA,NA,NA,Lost,2023-08-05
9,Edgbaston,9000,Joe Root,77,Middle Order Batsman,England,83,83,130.16,NA,NA,NA,Lost,2023-08-05
9,Edgbaston,9000,Eoin Morgan,78,Middle Order Batsman,England,22,22,84.62,NA,NA,NA,Lost,2023-08-05
9,Edgbaston,9000,Adil Rashid,79,Leg-Spin Bowler,England,10,10,100,1,7,8,Lost,2023-08-05
9,Edgbaston,9000,David Willey,80,Medium-Fast Bowler,England,6,6,150,2,7.5,10,Lost,2023-08-05
10,Old Trafford,10000,Virat Kohli,1,Middle Order Batsman,India,75,37.5,146.34,NA,NA,NA,Won,2023-08-09
10,Old Trafford,10000,Rohit Sharma,2,Top Order Batsman,India,82,41,154.72,NA,NA,NA,Won,2023-08-09
10,Old Trafford,10000,Mahendra Singh Dhoni,3,WicketKeeper Batsman,India,48,48,137.14,NA,NA,NA,Won,2023-08-09
10,Old Trafford,10000,Ravindra Jadeja,4,All Rounder,India,56,56,175,1,6,15,Won,2023-08-09
10,Old Trafford,10000,Hardik Pandya,5,All Rounder,India,22,22,107.14,1,9,7,Won,2023-08-09
10,Old Trafford,10000,Joe Root,81,Middle Order Batsman,England,73,36.5,146,NA,NA,NA,Lost,2023-08-09
10,Old Trafford,10000,Eoin Morgan,82,Middle Order Batsman,England,51,51,144.86,NA,NA,NA,Lost,2023-08-09
10,Old Trafford,10000,Jason Roy,83,Top Order Batsman,England,34,17,100,NA,NA,NA,Lost,2023-08-09
10,Old Trafford,10000,Adil Rashid,84,Leg-Spin Bowler,England,5,5,62.5,2,6.75,11,Lost,2023-08-09
10,Old Trafford,10000,David Willey,85,Medium-Fast Bowler,England,14,14,140,1,7,12,Lost,2023-08-09
11,Headingley,11000,Virat Kohli,1,Middle Order Batsman,India,101,50.5,173.28,NA,NA,NA,Won,2023-08-13
11,Headingley,11000,Rohit Sharma,2,Top Order Batsman,India,104,52,183.33,NA,NA,NA,Won,2023-08-13
11,Headingley,11000,Mahendra Singh Dhoni,3,WicketKeeper Batsman,India,18,18,94.74,NA,NA,NA,Won,2023-08-13
11,Headingley,11000,Ravindra Jadeja,4,All Rounder,India,60,60,166.67,2,6.25,24,Won,2023-08-13
11,Headingley,11000,Hardik Pandya,5,All Rounder,India,7,7,100,0,7,6,Won,2023-08-13
11,Headingley,11000,Jonny Bairstow,86,Top Order Batsman,England,65,32.5,154.76,NA,NA,NA,Lost,2023-08-13
11,Headingley,11000,Eoin Morgan,87,Middle Order Batsman,England,66,33,126.92,NA,NA,NA,Lost,2023-08-13
11,Headingley,11000,Joe Root,88,Middle Order Batsman,England,36,36,90,NA,NA,NA,Lost,2023-08-13
11,Headingley,11000,Adil Rashid,89,Leg-Spin Bowler,England,7,7,100,2,6.5,15,Lost,2023-08-13
11,Headingley,11000,Mark Wood,90,Fast Bowler,England,2,2,66.67,1,9.5,8,Lost,2023-08-13
12,Trent Bridge,12000,Virat Kohli,1,Middle Order Batsman,India,48,48,109.09,NA,NA,NA,Won,2023-08-17
12,Trent Bridge,12000,Rohit Sharma,2,Top Order Batsman,India,41,41,112.16,NA,NA,NA,Won,2023-08-17
12,Trent Bridge,12000,Mahendra Singh Dhoni,3,WicketKeeper Batsman,India,68,68,177.63,NA,NA,NA,Won,2023-08-17
12,Trent Bridge,12000,Ravindra Jadeja,4,All Rounder,India,39,39,157.89,1,6.5,16,Won,2023-08-17
12,Trent Bridge,12000,Hardik Pandya,5,All Rounder,India,18,18,103.45,0,7.2,5,Won,2023-08-17
12,Trent Bridge,12000,Joe Root,91,Middle Order Batsman,England,108,54,158.82,NA,NA,NA,Lost,2023-08-17
12,Trent Bridge,12000,Jonny Bairstow,92,Top Order Batsman,England,57,57,158.33,NA,NA,NA,Lost,2023-08-17
12,Trent Bridge,12000,Jason Roy,93,Top Order Batsman,England,41,41,113.89,NA,NA,NA,Lost,2023-08-17
12,Trent Bridge,12000,Adil Rashid,94,Leg-Spin Bowler,England,14,14,93.33,3,6.6,12,Lost,2023-08-17
12,Trent Bridge,12000,Mark Wood,95,Fast Bowler,England,10,10,111.11,1,9,7,Lost,2023-08-17
13,Edgbaston,13000,Virat Kohli,1,Middle Order Batsman,India,57,57,161.29,NA,NA,NA,Won,2023-08-21
13,Edgbaston,13000,Rohit Sharma,2,Top Order Batsman,India,87,43.5,153.52,NA,NA,NA,Won,2023-08-21
13,Edgbaston,13000,Mahendra Singh Dhoni,3,WicketKeeper Batsman,India,14,14,100,NA,NA,NA,Won,2023-08-21
13,Edgbaston,13000,Ravindra Jadeja,4,All Rounder,India,23,23,147.37,2,8.14,8,Won,2023-08-21
13,Edgbaston,13000,Hardik Pandya,5,All Rounder,India,33,33,165,1,7,13,Won,2023-08-21
13,Edgbaston,13000,Joe Root,96,Middle Order Batsman,England,92,46,147.62,NA,NA,NA,Lost,2023-08-21
13,Edgbaston,13000,Jonny Bairstow,97,Top Order Batsman,England,10,10,83.33,NA,NA,NA,Lost,2023-08-21
13,Edgbaston,13000,Jason Roy,98,Top Order Batsman,England,66,33,161.54,NA,NA,NA,Lost,2023-08-21
13,Edgbaston,13000,Adil Rashid,99,Leg-Spin Bowler,England,6,6,75,2,8.25,10,Lost,2023-08-21
13,Edgbaston,13000,David Willey,100,Medium-Fast Bowler,England,2,2,50,0,6,1,Lost,2023-08-21
14,The Oval,14000,Virat Kohli,1,Middle Order Batsman,India,47,47,151.61,NA,NA,NA,Won,2023-08-25
14,The Oval,14000,Rohit Sharma,2,Top Order Batsman,India,35,35,116.67,NA,NA,NA,Won,2023-08-25
14,The Oval,14000,Mahendra Singh Dhoni,3,WicketKeeper Batsman,India,52,52,144.44,NA,NA,NA,Won,2023-08-25
14,The Oval,14000,Ravindra Jadeja,4,All Rounder,India,19,19,190,2,8,10,Won,2023-08-25
14,The Oval,14000,Hardik Pandya,5,All Rounder,India,5,5,71.43,0,7.2,6,Won,2023-08-25
14,The Oval,14000,Joe Root,101,Middle Order Batsman,England,83,41.5,113.7,NA,NA,NA,Lost,2023-08-25
14,The Oval,14000,Jonny Bairstow,102,Top Order Batsman,England,20,20,80,NA,NA,NA,Lost,2023-08-25
14,The Oval,14000,Jason Roy,103,Top Order Batsman,England,62,31,109.09,NA,NA,NA,Lost,2023-08-25
14,The Oval,14000,Adil Rashid,104,Leg-Spin Bowler,England,14,14,116.67,2,7.75,14,Lost,2023-08-25
14,The Oval,14000,David Willey,105,Medium-Fast Bowler,England,15,15,125,0,8.33,11,Lost,2023-08-25
15,Lords Cricket Ground,15000,Virat Kohli,1,Middle Order Batsman,India,62,62,133.33,NA,NA,NA,Won,2023-08-29
15,Lords Cricket Ground,15000,Rohit Sharma,2,Top Order Batsman,India,51,51,120,NA,NA,NA,Won,2023-08-29
15,Lords Cricket Ground,15000,Mahendra Singh Dhoni,3,WicketKeeper Batsman,India,9,9,64.29,NA,NA,NA,Won,2023-08-29
15,Lords Cricket Ground,15000,Ravindra Jadeja,4,All Rounder,India,34,34,188.89,2,8.5,13,Won,2023-08-29
15,Lords Cricket Ground,15000,Hardik Pandya,5,All Rounder,India,28,28,166.67,1,7,9,Won,2023-08-29
15,Lords Cricket Ground,15000,Joe Root,106,Middle Order Batsman,England,93,46.5,138.81,NA,NA,NA,Lost,2023-08-29
15,Lords Cricket Ground,15000,Jonny Bairstow,107,Top Order Batsman,England,38,19,118.42,NA,NA,NA,Lost,2023-08-29
15,Lords Cricket Ground,15000,Eoin Morgan,108,Middle Order Batsman,England,14,14,77.78,NA,NA,NA,Lost,2023-08-29
15,Lords Cricket Ground,15000,Adil Rashid,109,Leg-Spin Bowler,England,10,10,166.67,1,8.5,6,Lost,2023-08-29
15,Lords Cricket Ground,15000,David Willey,110,Medium-Fast Bowler,England,2,2,50,0,9.25,3,Lost,2023-08-29
16,Old Trafford,16000,Virat Kohli,1,Middle Order Batsman,India,79,39.5,131.67,NA,NA,NA,Won,2023-09-02
16,Old Trafford,16000,Rohit Sharma,2,Top Order Batsman,India,33,33,97.06,NA,NA,NA,Won,2023-09-02
16,Old Trafford,16000,Mahendra Singh Dhoni,3,WicketKeeper Batsman,India,29,29,96.67,NA,NA,NA,Won,2023-09-02
16,Old Trafford,16000,Ravindra Jadeja,4,All Rounder,India,12,12,150,1,6,6,Won,2023-09-02
16,Old Trafford,16000,Hardik Pandya,5,All Rounder,India,16,16,88.89,0,10,8,Won,2023-09-02
16,Old Trafford,16000,Joe Root,111,Middle Order Batsman,England,49,49,132.43,NA,NA,NA,Lost,2023-09-02
16,Old Trafford,16000,Jonny Bairstow,112,Top Order Batsman,England,60,30,150,NA,NA,NA,Lost,2023-09-02
16,Old Trafford,16000,Eoin Morgan,113,Middle Order Batsman,England,31,31,115.38,NA,NA,NA,Lost,2023-09-02
16,Old Trafford,16000,Adil Rashid,114,Leg-Spin Bowler,England,1,1,50,0,10,1,Lost,2023-09-02
16,Old Trafford,16000,David Willey,115,Medium-Fast Bowler,England,2,2,50,0,7,2,Lost,2023-09-02
17,Headingley,17000,Virat Kohli,1,Middle Order Batsman,India,71,35.5,178.21,NA,NA,NA,Won,2023-09-06
17,Headingley,17000,Rohit Sharma,2,Top Order Batsman,India,78,26,152.94,NA,NA,NA,Won,2023-09-06
17,Headingley,17000,Mahendra Singh Dhoni,3,WicketKeeper Batsman,India,49,24.5,170.73,NA,NA,NA,Won,2023-09-06
17,Headingley,17000,Ravindra Jadeja,4,All Rounder,India,11,11,137.5,1,8.2,8,Won,2023-09-06
17,Headingley,17000,Hardik Pandya,5,All Rounder,India,38,38,158.33,0,6,6,Won,2023-09-06
17,Headingley,17000,Joe Root,116,Middle Order Batsman,England,80,40,148.15,NA,NA,NA,Lost,2023-09-06
17,Headingley,17000,Jonny Bairstow,117,Top Order Batsman,England,33,16.5,97.06,NA,NA,NA,Lost,2023-09-06
17,Headingley,17000,Eoin Morgan,118,Middle Order Batsman,England,27,27,96.43,NA,NA,NA,Lost,2023-09-06
17,Headingley,17000,Adil Rashid,119,Leg-Spin Bowler,England,3,3,60,1,8,3,Lost,2023-09-06
17,Headingley,17000,David Willey,120,Medium-Fast Bowler,England,5,5,50,0,7,4,Lost,2023-09-06
18,Trent Bridge,18000,Virat Kohli,1,Middle Order Batsman,India,46,46,146.67,NA,NA,NA,Won,2023-09-10
18,Trent Bridge,18000,Rohit Sharma,2,Top Order Batsman,India,68,34,156.46,NA,NA,NA,Won,2023-09-10
18,Trent Bridge,18000,Mahendra Singh Dhoni,3,WicketKeeper Batsman,India,63,63,157.5,NA,NA,NA,Won,2023-09-10
18,Trent Bridge,18000,Ravindra Jadeja,4,All Rounder,India,12,12,80,0,6.67,5,Won,2023-09-10
18,Trent Bridge,18000,Hardik Pandya,5,All Rounder,India,31,31,88.57,1,8.6,8,Won,2023-09-10
18,Trent Bridge,18000,Joe Root,121,Middle Order Batsman,England,89,44.5,126.76,NA,NA,NA,Lost,2023-09-10
18,Trent Bridge,18000,Jonny Bairstow,122,Top Order Batsman,England,39,19.5,118.42,NA,NA,NA,Lost,2023-09-10
18,Trent Bridge,18000,Eoin Morgan,123,Middle Order Batsman,England,8,8,114.29,NA,NA,NA,Lost,2023-09-10
18,Trent Bridge,18000,Adil Rashid,124,Leg-Spin Bowler,England,1,1,50,0,7.75,3,Lost,2023-09-10
18,Trent Bridge,18000,David Willey,125,Medium-Fast Bowler,England,5,5,50,1,7.2,6,Lost,2023-09-10
19,County Ground,19000,Virat Kohli,1,Middle Order Batsman,India,22,22,107.14,NA,NA,NA,Lost,2023-09-14
19,County Ground,19000,Rohit Sharma,2,Top Order Batsman,India,4,4,36.36,NA,NA,NA,Lost,2023-09-14
19,County Ground,19000,Mahendra Singh Dhoni,3,WicketKeeper Batsman,India,11,11,91.67,NA,NA,NA,Lost,2023-09-14
19,County Ground,19000,Ravindra Jadeja,4,All Rounder,India,25,25,178.57,0,9.62,13,Lost,2023-09-14
19,County Ground,19000,Hardik Pandya,5,All Rounder,India,18,18,180,0,9,11,Lost,2023-09-14
19,County Ground,19000,Joe Root,125,Middle Order Batsman,England,103,51.5,130.38,NA,NA,NA,Won,2023-09-14
19,County Ground,19000,Jonny Bairstow,126,Top Order Batsman,England,44,22,121.95,NA,NA,NA,Won,2023-09-14
19,County Ground,19000,Eoin Morgan,127,Middle Order Batsman,England,41,41,139.66,NA,NA,NA,Won,2023-09-14
19,County Ground,19000,Adil Rashid,128,Leg-Spin Bowler,England,1,1,100,0,6.25,1,Won,2023-09-14
19,County Ground,19000,David Willey,129,Medium-Fast Bowler,England,8,8,100,0,10.75,8,Won,2023-09-14
20,The Rose Bowl,20000,Virat Kohli,1,Middle Order Batsman,India,34,34,140,NA,NA,NA,Won,2023-09-17
20,The Rose Bowl,20000,Rohit Sharma,2,Top Order Batsman,India,30,30,107.14,NA,NA,NA,Won,2023-09-17
20,The Rose Bowl,20000,Mahendra Singh Dhoni,3,WicketKeeper Batsman,India,18,18,94.74,NA,NA,NA,Won,2023-09-17
20,The Rose Bowl,20000,Ravindra Jadeja,4,All Rounder,India,33,33,137.5,0,7.4,7,Won,2023-09-17
20,The Rose Bowl,20000,Hardik Pandya,5,All Rounder,India,31,31,103.33,0,6.2,8,Won,2023-09-17
20,The Rose Bowl,20000,Joe Root,130,Middle Order Batsman,England,67,33.5,128.85,NA,NA,NA,Lost,2023-09-17
20,The Rose Bowl,20000,Jonny Bairstow,131,Top Order Batsman,England,12,12,100,NA,NA,NA,Lost,2023-09-17
20,The Rose Bowl,20000,Eoin Morgan,132,Middle Order Batsman,England,61,30.5,122,NA,NA,NA,Lost,2023-09-17
20,The Rose Bowl,20000,Adil Rashid,133,Leg-Spin Bowler,England,7,7,87.5,0,7.25,5,Lost,2023-09-17
20,The Rose Bowl,20000,David Willey,134,Medium-Fast Bowler,England,9,9,75,0,8.33,4,Lost,2023-09-17

